,as_of_date,action,quantity,sec_type,symbol,trading_class,multiplier,price,commission,trade_time,sub_strategy,quantity_direction,hedge_value
0,2022-03-09,BOT,10,FUT,ES,ES,50,4247.75,21.5,20220309  09:31:58,DH,10,-2123896.5
1,2022-03-09,SLD,1,FUT,ES,ES,50,4242.75,2.15,20220309  09:51:58,DH,-1,212135.35
2,2022-03-09,SLD,1,FUT,ES,ES,50,4233.5,2.15,20220309  09:53:58,DH,-1,211672.85
3,2022-03-09,BOT,1,FUT,ES,ES,50,4243.0,2.15,20220309  09:57:58,DH,1,-212152.15
4,2022-03-09,BOT,1,FUT,ES,ES,50,4252.5,2.15,20220309  10:01:58,DH,1,-212627.15
5,2022-03-09,BOT,1,FUT,ES,ES,50,4260.0,2.15,20220309  10:03:58,DH,1,-213002.15
6,2022-03-09,SLD,1,FUT,ES,ES,50,4252.75,2.15,20220309  10:15:58,DH,-1,212635.35
7,2022-03-09,BOT,1,FUT,ES,ES,50,4256.75,2.15,20220309  10:17:58,DH,1,-212839.65
8,2022-03-09,SLD,1,FUT,ES,ES,50,4255.25,2.15,20220309  10:31:58,DH,-1,212760.35
9,2022-03-09,BOT,1,FUT,ES,ES,50,4257.25,2.15,20220309  10:33:58,DH,1,-212864.65
10,2022-03-09,BOT,1,FUT,ES,ES,50,4265.25,2.15,20220309  10:35:58,DH,1,-213264.65
11,2022-03-09,SLD,1,FUT,ES,ES,50,4263.75,2.15,20220309  10:37:58,DH,-1,213185.35
12,2022-03-09,BOT,1,FUT,ES,ES,50,4264.0,2.15,20220309  10:39:58,DH,1,-213202.15
13,2022-03-09,SLD,1,FUT,ES,ES,50,4263.25,2.15,20220309  10:41:58,DH,-1,213160.35
14,2022-03-09,BOT,1,FUT,ES,ES,50,4264.5,2.15,20220309  10:43:59,DH,1,-213227.15
15,2022-03-09,SLD,1,FUT,ES,ES,50,4261.5,2.15,20220309  10:45:58,DH,-1,213072.85
16,2022-03-09,BOT,1,FUT,ES,ES,50,4263.5,2.15,20220309  10:49:59,DH,1,-213177.15
17,2022-03-09,SLD,1,FUT,ES,ES,50,4261.25,2.15,20220309  10:53:59,DH,-1,213060.35
18,2022-03-09,BOT,1,FUT,ES,ES,50,4265.0,2.15,20220309  10:55:59,DH,1,-213252.15
19,2022-03-09,SLD,1,FUT,ES,ES,50,4260.75,2.15,20220309  11:03:59,DH,-1,213035.35
20,2022-03-09,BOT,1,FUT,ES,ES,50,4265.0,2.15,20220309  11:07:59,DH,1,-213252.15
21,2022-03-09,SLD,1,FUT,ES,ES,50,4261.5,2.15,20220309  11:09:59,DH,-1,213072.85
22,2022-03-09,SLD,1,FUT,ES,ES,50,4251.5,2.15,20220309  11:15:59,DH,-1,212572.85
42,2022-03-07,SLD,1,FUT,ES,ES,50,4256.5,2.15,20220307  10:55:04,DH,-1,212822.85
44,2022-03-07,BOT,1,FUT,ES,ES,50,4259.5,2.15,20220307  10:59:04,DH,1,-212977.15
61,2022-03-07,SLD,1,FUT,ES,ES,50,4258.25,2.15,20220307  11:01:45,DH,-1,212910.35
67,2022-03-07,BOT,1,FUT,ES,ES,50,4262.75,2.15,20220307  11:05:34,DH,1,-213139.65
68,2022-03-07,SLD,1,FUT,ES,ES,50,4253.25,2.15,20220307  11:37:34,DH,-1,212660.35
69,2022-03-07,BOT,1,FUT,ES,ES,50,4264.25,2.15,20220307  11:47:34,DH,1,-213214.65
70,2022-03-07,SLD,1,FUT,ES,ES,50,4248.75,2.15,20220307  11:55:34,DH,-1,212435.35
71,2022-03-07,SLD,1,FUT,ES,ES,50,4243.75,2.15,20220307  11:59:34,DH,-1,212185.35
72,2022-03-07,SLD,1,FUT,ES,ES,50,4238.25,2.15,20220307  12:07:34,DH,-1,211910.35
73,2022-03-07,BOT,1,FUT,ES,ES,50,4240.5,2.15,20220307  12:09:35,DH,1,-212027.15
74,2022-03-07,SLD,1,FUT,ES,ES,50,4233.5,2.15,20220307  12:19:35,DH,-1,211672.85
75,2022-03-07,SLD,1,FUT,ES,ES,50,4226.5,2.15,20220307  12:23:35,DH,-1,211322.85
76,2022-03-07,SLD,1,FUT,ES,ES,50,4226.25,2.15,20220307  12:25:35,DH,-1,211310.35
77,2022-03-07,BOT,1,FUT,ES,ES,50,4230.25,2.15,20220307  12:27:35,DH,1,-211514.65
78,2022-03-07,BOT,1,FUT,ES,ES,50,4233.25,2.15,20220307  12:43:35,DH,1,-211664.65
79,2022-03-07,SLD,1,FUT,ES,ES,50,4231.0,2.15,20220307  12:45:35,DH,-1,211547.85
80,2022-03-07,BOT,1,FUT,ES,ES,50,4238.0,2.15,20220307  12:49:35,DH,1,-211902.15
81,2022-03-07,SLD,1,FUT,ES,ES,50,4232.0,2.15,20220307  12:57:35,DH,-1,211597.85
82,2022-03-07,BOT,1,FUT,ES,ES,50,4239.5,2.15,20220307  13:01:35,DH,1,-211977.15
83,2022-03-07,BOT,1,FUT,ES,ES,50,4244.25,2.15,20220307  13:03:35,DH,1,-212214.65
84,2022-03-07,SLD,1,FUT,ES,ES,50,4233.0,2.15,20220307  13:11:35,DH,-1,211647.85
85,2022-03-07,SLD,1,FUT,ES,ES,50,4228.75,2.15,20220307  13:15:35,DH,-1,211435.35
86,2022-03-07,SLD,1,FUT,ES,ES,50,4224.75,2.15,20220307  13:21:35,DH,-1,211235.35
87,2022-03-07,BOT,1,FUT,ES,ES,50,4229.25,2.15,20220307  13:23:35,DH,1,-211464.65
88,2022-03-07,BOT,1,FUT,ES,ES,50,4234.0,2.15,20220307  13:27:35,DH,1,-211702.15
89,2022-03-07,SLD,1,FUT,ES,ES,50,4230.0,2.15,20220307  13:35:35,DH,-1,211497.85
90,2022-03-07,BOT,1,FUT,ES,ES,50,4234.0,2.15,20220307  13:37:36,DH,1,-211702.15
91,2022-03-07,BOT,1,FUT,ES,ES,50,4240.25,2.15,20220307  13:39:35,DH,1,-212014.65
92,2022-03-07,SLD,1,FUT,ES,ES,50,4238.0,2.15,20220307  13:43:35,DH,-1,211897.85
93,2022-03-07,SLD,1,FUT,ES,ES,50,4232.25,2.15,20220307  13:49:36,DH,-1,211610.35
94,2022-03-07,BOT,1,FUT,ES,ES,50,4234.25,2.15,20220307  13:51:36,DH,1,-211714.65
95,2022-03-07,SLD,1,FUT,ES,ES,50,4230.75,2.15,20220307  13:55:36,DH,-1,211535.35
96,2022-03-07,BOT,1,FUT,ES,ES,50,4232.0,2.15,20220307  14:09:36,DH,1,-211602.15
97,2022-03-07,BOT,1,FUT,ES,ES,50,4241.5,2.15,20220307  14:17:36,DH,1,-212077.15
98,2022-03-07,SLD,1,FUT,ES,ES,50,4235.75,2.15,20220307  14:21:36,DH,-1,211785.35
99,2022-03-07,SLD,1,FUT,ES,ES,50,4229.75,2.15,20220307  14:23:36,DH,-1,211485.35
100,2022-03-07,BOT,1,FUT,ES,ES,50,4232.75,2.15,20220307  14:25:36,DH,1,-211639.65
101,2022-03-07,SLD,1,FUT,ES,ES,50,4229.0,2.15,20220307  14:31:36,DH,-1,211447.85
102,2022-03-07,SLD,1,FUT,ES,ES,50,4221.0,2.15,20220307  14:43:36,DH,-1,211047.85
103,2022-03-07,BOT,1,FUT,ES,ES,50,4226.0,2.15,20220307  14:47:36,DH,1,-211302.15
104,2022-03-07,SLD,1,FUT,ES,ES,50,4224.5,2.15,20220307  14:49:36,DH,-1,211222.85
105,2022-03-07,SLD,1,FUT,ES,ES,50,4216.25,2.15,20220307  15:09:36,DH,-1,210810.35
106,2022-03-07,BOT,1,FUT,ES,ES,50,4215.5,2.15,20220307  15:21:37,DH,1,-210777.15
107,2022-03-07,SLD,1,FUT,ES,ES,50,4211.0,2.15,20220307  15:31:37,DH,-1,210547.85
123,2022-03-07,SLD,1,FUT,ES,ES,50,4208.0,2.15,20220307  15:41:37,DH,-1,210397.85
124,2022-03-07,BOT,1,FUT,ES,ES,50,4213.75,2.15,20220307  15:43:37,DH,1,-210689.65
125,2022-03-07,SLD,1,FUT,ES,ES,50,4210.0,2.15,20220307  15:45:37,DH,-1,210497.85
126,2022-03-07,SLD,6,FUT,ES,ES,50,4202.5,12.9,20220307  15:55:24,DH,-6,1260737.1
141,2022-03-09,BOT,1,FUT,ES,ES,50,4262.0,2.15,20220309  11:25:07,DH,1,-213102.15
142,2022-03-09,BOT,1,FUT,ES,ES,50,4269.75,2.15,20220309  11:35:07,DH,1,-213489.65
143,2022-03-09,BOT,1,FUT,ES,ES,50,4276.0,2.15,20220309  11:57:19,DH,1,-213802.15
144,2022-03-09,SLD,1,FUT,ES,ES,50,4268.5,2.15,20220309  13:47:20,DH,-1,213422.85
145,2022-03-09,BOT,1,FUT,ES,ES,50,4275.5,2.15,20220309  13:53:20,DH,1,-213777.15
146,2022-03-09,SLD,1,FUT,ES,ES,50,4270.0,2.15,20220309  13:55:20,DH,-1,213497.85
147,2022-03-09,BOT,1,FUT,ES,ES,50,4273.25,2.15,20220309  14:01:20,DH,1,-213664.65
148,2022-03-09,SLD,1,FUT,ES,ES,50,4270.5,2.15,20220309  14:17:20,DH,-1,213522.85
149,2022-03-09,BOT,1,FUT,ES,ES,50,4275.75,2.15,20220309  14:21:20,DH,1,-213789.65
150,2022-03-09,BOT,1,FUT,ES,ES,50,4292.0,2.15,20220309  15:30:35,DH,1,-214602.15
163,2022-03-09,SLD,1,FUT,ES,ES,50,4293.75,2.15,20220309  15:34:34,DH,-1,214685.35
180,2022-03-09,BOT,1,FUT,ES,ES,50,4293.0,2.15,20220309  15:36:34,DH,1,-214652.15
181,2022-03-09,SLD,1,FUT,ES,ES,50,4290.75,2.15,20220309  15:38:34,DH,-1,214535.35
182,2022-03-09,SLD,11,FUT,ES,ES,50,4283.5,23.65,20220309  15:50:35,DH,-11,2355901.35
183,2022-03-09,SLD,19,FUT,ES,ES,50,4283.25,40.85,20220309  15:50:35,DH,-19,4069046.65
184,2022-03-09,SLD,1,FUT,ES,ES,50,4279.0,2.15,20220309  15:51:07,DH,-1,213947.85
185,2022-03-09,BOT,21,FUT,ES,ES,50,4276.25,45.15,20220309  15:52:01,DH,21,-4490107.65
186,2022-03-09,BOT,10,FUT,ES,ES,50,4276.5,21.5,20220309  15:52:01,DH,10,-2138271.5
191,2022-03-08,BOT,1,FUT,ES,ES,50,4203.25,2.15,20220308  09:30:41,DH,1,-210164.65
192,2022-03-08,SLD,1,FUT,ES,ES,50,4196.25,2.15,20220308  09:32:40,DH,-1,209810.35
193,2022-03-08,SLD,1,FUT,ES,ES,50,4193.0,2.15,20220308  09:34:40,DH,-1,209647.85
194,2022-03-08,BOT,2,FUT,ES,ES,50,4208.25,4.3,20220308  09:36:40,DH,2,-420829.3
195,2022-03-08,SLD,1,FUT,ES,ES,50,4199.75,2.15,20220308  09:38:40,DH,-1,209985.35
196,2022-03-08,SLD,2,FUT,ES,ES,50,4181.0,4.3,20220308  09:40:40,DH,-2,418095.7
197,2022-03-08,BOT,1,FUT,ES,ES,50,4192.25,2.15,20220308  09:42:40,DH,1,-209614.65
198,2022-03-08,BOT,2,FUT,ES,ES,50,4204.75,4.3,20220308  09:44:40,DH,2,-420479.3
199,2022-03-08,BOT,1,FUT,ES,ES,50,4212.0,2.15,20220308  09:46:40,DH,1,-210602.15
200,2022-03-08,SLD,2,FUT,ES,ES,50,4198.75,4.3,20220308  09:50:40,DH,-2,419870.7
201,2022-03-08,BOT,1,FUT,ES,ES,50,4203.5,2.15,20220308  09:52:40,DH,1,-210177.15
202,2022-03-08,SLD,2,FUT,ES,ES,50,4188.5,4.3,20220308  09:54:40,DH,-2,418845.7
203,2022-03-08,SLD,1,FUT,ES,ES,50,4186.75,2.15,20220308  09:56:40,DH,-1,209335.35
204,2022-03-08,BOT,1,FUT,ES,ES,50,4188.25,2.15,20220308  09:58:30,DH,1,-209414.65
205,2022-03-08,SLD,2,FUT,ES,ES,50,4180.5,4.3,20220308  10:00:29,DH,-2,418045.7
206,2022-03-08,SLD,1,FUT,ES,ES,50,4174.0,2.15,20220308  10:02:29,DH,-1,208697.85
207,2022-03-08,SLD,1,FUT,ES,ES,50,4170.0,2.15,20220308  10:04:29,DH,-1,208497.85
208,2022-03-08,SLD,1,FUT,ES,ES,50,4164.75,2.15,20220308  10:08:29,DH,-1,208235.35
209,2022-03-08,BOT,1,FUT,ES,ES,50,4170.0,2.15,20220308  10:12:29,DH,1,-208502.15
210,2022-03-08,BOT,2,FUT,ES,ES,50,4182.5,4.3,20220308  10:16:29,DH,2,-418254.3
211,2022-03-08,BOT,2,FUT,ES,ES,50,4193.25,4.3,20220308  10:20:29,DH,2,-419329.3
212,2022-03-08,SLD,1,FUT,ES,ES,50,4185.25,2.15,20220308  10:22:29,DH,-1,209260.35
213,2022-03-08,SLD,1,FUT,ES,ES,50,4180.25,2.15,20220308  10:24:29,DH,-1,209010.35
214,2022-03-08,SLD,1,FUT,ES,ES,50,4173.5,2.15,20220308  10:26:29,DH,-1,208672.85
215,2022-03-08,SLD,1,FUT,ES,ES,50,4166.25,2.15,20220308  10:32:29,DH,-1,208310.35
216,2022-03-08,SLD,1,FUT,ES,ES,50,4159.25,2.15,20220308  10:34:29,DH,-1,207960.35
217,2022-03-08,BOT,1,FUT,ES,ES,50,4163.5,2.15,20220308  10:36:29,DH,1,-208177.15
218,2022-03-08,BOT,1,FUT,ES,ES,50,4168.75,2.15,20220308  10:42:29,DH,1,-208439.65
219,2022-03-08,BOT,1,FUT,ES,ES,50,4175.75,2.15,20220308  10:48:29,DH,1,-208789.65
220,2022-03-08,BOT,1,FUT,ES,ES,50,4183.0,2.15,20220308  10:54:29,DH,1,-209152.15
221,2022-03-08,BOT,1,FUT,ES,ES,50,4187.0,2.15,20220308  10:56:29,DH,1,-209352.15
222,2022-03-08,BOT,2,FUT,ES,ES,50,4195.75,4.3,20220308  10:58:29,DH,2,-419579.3
298,2022-03-18,BOT,1,FUT,ES,ES,50,4394.25,2.15,20220318  09:36:34,DH,1,-219714.65
299,2022-03-18,SLD,1,FUT,ES,ES,50,4390.0,2.15,20220318  09:38:32,DH,-1,219497.85
300,2022-03-18,BOT,1,FUT,ES,ES,50,4390.75,2.15,20220318  09:44:32,DH,1,-219539.65
301,2022-03-18,BOT,1,FUT,ES,ES,50,4398.5,2.15,20220318  09:50:32,DH,1,-219927.15
302,2022-03-18,SLD,1,FUT,ES,ES,50,4394.75,2.15,20220318  09:52:32,DH,-1,219735.35
303,2022-03-18,BOT,1,FUT,ES,ES,50,4399.75,2.15,20220318  10:01:08,DH,1,-219989.65
304,2022-03-18,BOT,1,FUT,ES,ES,50,4406.75,2.15,20220318  10:09:08,DH,1,-220339.65
305,2022-03-18,SLD,1,FUT,ES,ES,50,4405.0,2.15,20220318  10:17:08,DH,-1,220247.85
306,2022-03-18,BOT,1,FUT,ES,ES,50,4407.0,2.15,20220318  10:23:08,DH,1,-220352.15
307,2022-03-18,SLD,1,FUT,ES,ES,50,4404.75,2.15,20220318  10:25:08,DH,-1,220235.35
308,2022-03-18,BOT,1,FUT,ES,ES,50,4407.5,2.15,20220318  10:33:08,DH,1,-220377.15
309,2022-03-18,SLD,1,FUT,ES,ES,50,4404.5,2.15,20220318  10:35:08,DH,-1,220222.85
329,2022-03-08,SLD,1,FUT,ES,ES,50,4191.5,2.15,20220308  11:02:29,DH,-1,209572.85
330,2022-03-08,SLD,1,FUT,ES,ES,50,4188.0,2.15,20220308  11:06:29,DH,-1,209397.85
331,2022-03-08,SLD,1,FUT,ES,ES,50,4181.25,2.15,20220308  11:08:29,DH,-1,209060.35
332,2022-03-08,SLD,1,FUT,ES,ES,50,4174.25,2.15,20220308  11:22:29,DH,-1,208710.35
333,2022-03-08,SLD,1,FUT,ES,ES,50,4167.5,2.15,20220308  11:26:29,DH,-1,208372.85
334,2022-03-08,SLD,2,FUT,ES,ES,50,4157.25,4.3,20220308  11:32:29,DH,-2,415720.7
335,2022-03-08,BOT,1,FUT,ES,ES,50,4166.25,2.15,20220308  11:36:29,DH,1,-208314.65
336,2022-03-08,SLD,1,FUT,ES,ES,50,4159.0,2.15,20220308  11:42:29,DH,-1,207947.85
337,2022-03-08,BOT,1,FUT,ES,ES,50,4166.0,2.15,20220308  11:46:29,DH,1,-208302.15
338,2022-03-08,BOT,2,FUT,ES,ES,50,4176.75,4.3,20220308  11:48:29,DH,2,-417679.3
339,2022-03-08,BOT,1,FUT,ES,ES,50,4178.0,2.15,20220308  11:50:30,DH,1,-208902.15
340,2022-03-08,BOT,1,FUT,ES,ES,50,4185.0,2.15,20220308  11:54:30,DH,1,-209252.15
341,2022-03-08,SLD,1,FUT,ES,ES,50,4182.5,2.15,20220308  12:00:30,DH,-1,209122.85
342,2022-03-08,BOT,3,FUT,ES,ES,50,4196.0,6.45,20220308  12:02:30,DH,3,-629406.45
343,2022-03-08,BOT,1,FUT,ES,ES,50,4207.75,2.15,20220308  12:06:30,DH,1,-210389.65
344,2022-03-08,BOT,1,FUT,ES,ES,50,4212.25,2.15,20220308  12:08:30,DH,1,-210614.65
345,2022-03-08,BOT,2,FUT,ES,ES,50,4221.0,4.3,20220308  12:12:30,DH,2,-422104.3
346,2022-03-08,BOT,1,FUT,ES,ES,50,4232.75,2.15,20220308  12:16:30,DH,1,-211639.65
347,2022-03-08,BOT,2,FUT,ES,ES,50,4246.0,4.3,20220308  12:18:30,DH,2,-424604.3
348,2022-03-08,SLD,3,FUT,ES,ES,50,4226.0,6.45,20220308  12:26:03,DH,-3,633893.55
349,2022-03-08,BOT,1,FUT,ES,ES,50,4231.25,2.15,20220308  12:28:02,DH,1,-211564.65
350,2022-03-08,BOT,1,FUT,ES,ES,50,4241.25,2.15,20220308  12:30:02,DH,1,-212064.65
351,2022-03-08,SLD,1,FUT,ES,ES,50,4236.5,2.15,20220308  12:32:02,DH,-1,211822.85
352,2022-03-08,BOT,2,FUT,ES,ES,50,4246.0,4.3,20220308  12:34:02,DH,2,-424604.3
353,2022-03-08,SLD,1,FUT,ES,ES,50,4244.0,2.15,20220308  12:36:02,DH,-1,212197.85
354,2022-03-08,BOT,1,FUT,ES,ES,50,4247.0,2.15,20220308  12:38:02,DH,1,-212352.15
355,2022-03-08,BOT,1,FUT,ES,ES,50,4251.0,2.15,20220308  12:40:02,DH,1,-212552.15
356,2022-03-08,SLD,1,FUT,ES,ES,50,4245.25,2.15,20220308  12:42:02,DH,-1,212260.35
357,2022-03-08,BOT,1,FUT,ES,ES,50,4253.75,2.15,20220308  12:44:02,DH,1,-212689.65
358,2022-03-08,SLD,1,FUT,ES,ES,50,4246.0,2.15,20220308  12:52:02,DH,-1,212297.85
359,2022-03-08,BOT,1,FUT,ES,ES,50,4254.5,2.15,20220308  12:54:02,DH,1,-212727.15
360,2022-03-08,BOT,1,FUT,ES,ES,50,4256.25,2.15,20220308  12:58:02,DH,1,-212814.65
361,2022-03-08,BOT,1,FUT,ES,ES,50,4266.25,2.15,20220308  13:04:02,DH,1,-213314.65
362,2022-03-08,BOT,1,FUT,ES,ES,50,4272.0,2.15,20220308  13:10:02,DH,1,-213602.15
363,2022-03-08,SLD,1,FUT,ES,ES,50,4270.0,2.15,20220308  13:14:03,DH,-1,213497.85
364,2022-03-08,SLD,1,FUT,ES,ES,50,4260.5,2.15,20220308  13:22:03,DH,-1,213022.85
365,2022-03-08,SLD,1,FUT,ES,ES,50,4249.25,2.15,20220308  13:26:03,DH,-1,212460.35
366,2022-03-08,SLD,1,FUT,ES,ES,50,4244.75,2.15,20220308  13:28:03,DH,-1,212235.35
367,2022-03-08,SLD,1,FUT,ES,ES,50,4238.75,2.15,20220308  13:30:03,DH,-1,211935.35
368,2022-03-08,SLD,2,FUT,ES,ES,50,4228.25,4.3,20220308  13:32:03,DH,-2,422820.7
369,2022-03-08,BOT,1,FUT,ES,ES,50,4230.25,2.15,20220308  13:34:03,DH,1,-211514.65
370,2022-03-08,SLD,1,FUT,ES,ES,50,4223.5,2.15,20220308  13:38:03,DH,-1,211172.85
371,2022-03-08,SLD,1,FUT,ES,ES,50,4217.5,2.15,20220308  13:42:03,DH,-1,210872.85
372,2022-03-08,BOT,1,FUT,ES,ES,50,4221.5,2.15,20220308  13:44:03,DH,1,-211077.15
373,2022-03-08,SLD,1,FUT,ES,ES,50,4220.25,2.15,20220308  13:46:03,DH,-1,211010.35
374,2022-03-08,SLD,1,FUT,ES,ES,50,4213.5,2.15,20220308  13:50:03,DH,-1,210672.85
375,2022-03-08,SLD,1,FUT,ES,ES,50,4205.25,2.15,20220308  13:56:03,DH,-1,210260.35
376,2022-03-08,SLD,1,FUT,ES,ES,50,4198.0,2.15,20220308  14:00:03,DH,-1,209897.85
377,2022-03-08,SLD,1,FUT,ES,ES,50,4187.75,2.15,20220308  14:02:03,DH,-1,209385.35
378,2022-03-08,SLD,1,FUT,ES,ES,50,4187.5,2.15,20220308  14:02:03,DH,-1,209372.85
379,2022-03-08,BOT,1,FUT,ES,ES,50,4192.75,2.15,20220308  14:06:03,DH,1,-209639.65
380,2022-03-08,BOT,2,FUT,ES,ES,50,4202.75,4.3,20220308  14:08:03,DH,2,-420279.3
381,2022-03-08,SLD,1,FUT,ES,ES,50,4196.0,2.15,20220308  14:10:06,DH,-1,209797.85
382,2022-03-08,SLD,1,FUT,ES,ES,50,4190.25,2.15,20220308  14:12:03,DH,-1,209510.35
383,2022-03-08,BOT,1,FUT,ES,ES,50,4201.0,2.15,20220308  14:24:03,DH,1,-210052.15
384,2022-03-08,BOT,2,FUT,ES,ES,50,4210.25,4.3,20220308  14:28:03,DH,2,-421029.3
385,2022-03-08,SLD,1,FUT,ES,ES,50,4200.75,2.15,20220308  14:34:03,DH,-1,210035.35
386,2022-03-08,BOT,2,FUT,ES,ES,50,4215.25,4.3,20220308  14:38:03,DH,2,-421529.3
387,2022-03-08,SLD,1,FUT,ES,ES,50,4207.75,2.15,20220308  14:42:03,DH,-1,210385.35
388,2022-03-08,BOT,1,FUT,ES,ES,50,4216.0,2.15,20220308  14:44:03,DH,1,-210802.15
389,2022-03-08,BOT,1,FUT,ES,ES,50,4219.25,2.15,20220308  14:46:03,DH,1,-210964.65
390,2022-03-08,BOT,1,FUT,ES,ES,50,4227.75,2.15,20220308  14:50:03,DH,1,-211389.65
391,2022-03-08,SLD,1,FUT,ES,ES,50,4224.0,2.15,20220308  14:52:03,DH,-1,211197.85
392,2022-03-08,SLD,1,FUT,ES,ES,50,4219.5,2.15,20220308  14:54:03,DH,-1,210972.85
393,2022-03-08,BOT,1,FUT,ES,ES,50,4223.25,2.15,20220308  14:56:03,DH,1,-211164.65
394,2022-03-08,SLD,1,FUT,ES,ES,50,4217.0,2.15,20220308  14:58:03,DH,-1,210847.85
395,2022-03-08,BOT,2,FUT,ES,ES,50,4232.25,4.3,20220308  15:04:03,DH,2,-423229.3
396,2022-03-08,BOT,1,FUT,ES,ES,50,4234.25,2.15,20220308  15:06:04,DH,1,-211714.65
397,2022-03-08,SLD,1,FUT,ES,ES,50,4232.0,2.15,20220308  15:08:04,DH,-1,211597.85
398,2022-03-08,SLD,1,FUT,ES,ES,50,4221.5,2.15,20220308  15:12:04,DH,-1,211072.85
399,2022-03-08,SLD,1,FUT,ES,ES,50,4216.0,2.15,20220308  15:14:04,DH,-1,210797.85
400,2022-03-08,BOT,2,FUT,ES,ES,50,4221.25,4.3,20220308  15:16:04,DH,2,-422129.3
401,2022-03-08,SLD,1,FUT,ES,ES,50,4218.25,2.15,20220308  15:18:04,DH,-1,210910.35
402,2022-03-08,SLD,2,FUT,ES,ES,50,4210.25,4.3,20220308  15:22:04,DH,-2,421020.7
403,2022-03-08,BOT,1,FUT,ES,ES,50,4212.25,2.15,20220308  15:26:04,DH,1,-210614.65
404,2022-03-08,SLD,1,FUT,ES,ES,50,4205.0,2.15,20220308  15:28:04,DH,-1,210247.85
405,2022-03-08,SLD,2,FUT,ES,ES,50,4194.75,4.3,20220308  15:30:05,DH,-2,419470.7
406,2022-03-08,SLD,1,FUT,ES,ES,50,4187.25,2.15,20220308  15:32:04,DH,-1,209360.35
407,2022-03-08,SLD,2,FUT,ES,ES,50,4178.75,4.3,20220308  15:34:05,DH,-2,417870.7
408,2022-03-08,BOT,1,FUT,ES,ES,50,4185.25,2.15,20220308  15:38:05,DH,1,-209264.65
411,2022-03-08,BOT,1,FUT,ES,ES,50,4192.75,2.15,20220308  15:40:05,DH,1,-209639.65
412,2022-03-08,BOT,1,FUT,ES,ES,50,4193.0,2.15,20220308  15:40:05,DH,1,-209652.15
431,2022-03-08,SLD,1,FUT,ES,ES,50,4190.75,2.15,20220308  15:42:05,DH,-1,209535.35
432,2022-03-08,SLD,1,FUT,ES,ES,50,4185.75,2.15,20220308  15:44:05,DH,-1,209285.35
433,2022-03-08,SLD,1,FUT,ES,ES,50,4180.25,2.15,20220308  15:46:05,DH,-1,209010.35
434,2022-03-08,BOT,2,FUT,ES,ES,50,4191.0,4.3,20220308  15:52:05,DH,2,-419104.3
435,2022-03-08,SLD,1,FUT,ES,ES,50,4182.5,2.15,20220308  15:54:05,DH,-1,209122.85
436,2022-03-08,SLD,2,FUT,ES,ES,50,4172.5,4.3,20220308  15:56:05,DH,-2,417245.7
437,2022-03-08,SLD,1,FUT,ES,ES,50,4170.0,2.15,20220308  15:58:05,DH,-1,208497.85
438,2022-03-08,SLD,1,FUT,ES,ES,50,4160.0,2.15,20220308  16:02:05,DH,-1,207997.85
439,2022-03-08,BOT,5,FUT,ES,ES,50,4160.25,10.75,20220308  16:02:48,DH,5,-1040073.25
440,2022-03-18,SLD,1,FUT,ES,ES,50,4395.75,2.15,20220318  10:39:08,DH,-1,219785.35
441,2022-03-18,BOT,1,FUT,ES,ES,50,4400.75,2.15,20220318  10:43:08,DH,1,-220039.65
442,2022-03-18,SLD,1,FUT,ES,ES,50,4400.5,2.15,20220318  10:45:08,DH,-1,220022.85
443,2022-03-18,BOT,1,FUT,ES,ES,50,4402.25,2.15,20220318  10:47:08,DH,1,-220114.65
444,2022-03-18,SLD,1,FUT,ES,ES,50,4397.25,2.15,20220318  10:51:09,DH,-1,219860.35
445,2022-03-18,BOT,1,FUT,ES,ES,50,4403.25,2.15,20220318  10:57:08,DH,1,-220164.65
446,2022-03-18,BOT,1,FUT,ES,ES,50,4411.0,2.15,20220318  11:07:08,DH,1,-220552.15
447,2022-03-18,SLD,1,FUT,ES,ES,50,4406.0,2.15,20220318  11:17:09,DH,-1,220297.85
448,2022-03-18,BOT,2,FUT,ES,ES,50,4406.25,4.3,20220318  11:23:55,DH,2,-440629.3
449,2022-03-18,BOT,1,FUT,ES,ES,50,4409.25,2.15,20220318  11:31:55,DH,1,-220464.65
450,2022-03-18,SLD,1,FUT,ES,ES,50,4408.5,2.15,20220318  11:35:54,DH,-1,220422.85
458,2022-03-17,SLD,1,FUT,ES,ES,50,4342.0,2.15,20220317  09:35:28,DH,-1,217097.85
459,2022-03-17,BOT,1,FUT,ES,ES,50,4345.75,2.15,20220317  09:43:27,DH,1,-217289.65
462,2022-03-17,BOT,1,FUT,ES,ES,50,4364.25,2.15,20220317  09:59:27,DH,1,-218214.65
463,2022-03-17,BOT,1,FUT,ES,ES,50,4369.75,2.15,20220317  10:07:27,DH,1,-218489.65
464,2022-03-17,SLD,1,FUT,ES,ES,50,4370.25,2.15,20220317  10:09:27,DH,-1,218510.35
465,2022-03-17,BOT,1,FUT,ES,ES,50,4370.75,2.15,20220317  10:11:27,DH,1,-218539.65
466,2022-03-17,SLD,1,FUT,ES,ES,50,4367.0,2.15,20220317  10:13:27,DH,-1,218347.85
467,2022-03-17,SLD,1,FUT,ES,ES,50,4360.5,2.15,20220317  10:33:28,DH,-1,218022.85
468,2022-03-17,SLD,1,FUT,ES,ES,50,4347.75,2.15,20220317  10:49:28,DH,-1,217385.35
487,2022-03-17,BOT,1,FUT,ES,ES,50,4360.25,2.15,20220317  11:25:28,DH,1,-218014.65
488,2022-03-17,SLD,1,FUT,ES,ES,50,4356.75,2.15,20220317  11:29:28,DH,-1,217835.35
489,2022-03-17,BOT,1,FUT,ES,ES,50,4359.75,2.15,20220317  11:31:28,DH,1,-217989.65
490,2022-03-17,SLD,1,FUT,ES,ES,50,4359.0,2.15,20220317  11:35:28,DH,-1,217947.85
491,2022-03-17,BOT,1,FUT,ES,ES,50,4365.0,2.15,20220317  11:40:25,DH,1,-218252.15
492,2022-03-17,SLD,1,FUT,ES,ES,50,4356.25,2.15,20220317  11:48:23,DH,-1,217810.35
493,2022-03-17,BOT,1,FUT,ES,ES,50,4362.75,2.15,20220317  11:54:23,DH,1,-218139.65
494,2022-03-17,BOT,1,FUT,ES,ES,50,4377.25,2.15,20220317  12:22:23,DH,1,-218864.65
495,2022-03-17,BOT,1,FUT,ES,ES,50,4385.5,2.15,20220317  13:26:24,DH,1,-219277.15
496,2022-03-17,BOT,1,FUT,ES,ES,50,4396.0,2.15,20220317  13:42:24,DH,1,-219802.15
497,2022-03-17,BOT,5,FUT,ES,ES,50,4401.0,10.75,20220317  13:56:25,DH,5,-1100260.75
498,2022-03-17,SLD,5,FUT,ES,ES,50,4399.5,10.75,20220317  13:56:49,DH,-5,1099864.25
499,2022-03-17,SLD,1,FUT,ES,ES,50,4390.25,2.15,20220317  14:24:25,DH,-1,219510.35
500,2022-03-17,BOT,1,FUT,ES,ES,50,4392.75,2.15,20220317  14:34:25,DH,1,-219639.65
501,2022-03-17,SLD,1,FUT,ES,ES,50,4392.5,2.15,20220317  14:36:25,DH,-1,219622.85
502,2022-03-17,BOT,1,FUT,ES,ES,50,4392.75,2.15,20220317  14:46:25,DH,1,-219639.65
525,2022-03-17,SLD,1,FUT,ES,ES,50,4390.25,2.15,20220317  15:17:23,DH,-1,219510.35
526,2022-03-17,BOT,1,FUT,ES,ES,50,4403.0,2.15,20220317  15:52:26,DH,1,-220152.15
527,2022-03-17,BOT,2,FUT,ES,ES,50,4413.25,4.3,20220317  16:00:25,DH,2,-441329.3
532,2022-03-17,SLD,1,FUT,ES,ES,50,4404.25,2.15,20220317  16:09:31,DH,-1,220210.35
533,2022-03-17,SLD,1,FUT,ES,ES,50,4404.0,2.15,20220317  16:09:31,DH,-1,220197.85
547,2022-03-18,BOT,1,FUT,ES,ES,50,4414.5,2.15,20220318  11:37:54,DH,1,-220727.15
548,2022-03-18,SLD,1,FUT,ES,ES,50,4408.0,2.15,20220318  11:41:54,DH,-1,220397.85
549,2022-03-18,SLD,2,FUT,ES,ES,50,4405.5,4.3,20220318  11:48:13,DH,-2,440545.7
550,2022-03-18,SLD,2,FUT,ES,ES,50,4406.75,4.3,20220318  11:48:15,DH,-2,440670.7
551,2022-03-18,BOT,2,FUT,ES,ES,50,4406.25,4.3,20220318  11:48:56,DH,2,-440629.3
552,2022-03-18,BOT,1,FUT,ES,ES,50,4415.25,2.15,20220318  12:18:27,DH,1,-220764.65
553,2022-03-18,SLD,1,FUT,ES,ES,50,4412.5,2.15,20220318  12:20:27,DH,-1,220622.85
554,2022-03-18,BOT,1,FUT,ES,ES,50,4415.25,2.15,20220318  12:24:27,DH,1,-220764.65
555,2022-03-18,BOT,1,FUT,ES,ES,50,4423.5,2.15,20220318  12:40:27,DH,1,-221177.15
556,2022-03-18,SLD,1,FUT,ES,ES,50,4419.75,2.15,20220318  12:48:27,DH,-1,220985.35
557,2022-03-18,BOT,1,FUT,ES,ES,50,4421.5,2.15,20220318  12:50:27,DH,1,-221077.15
558,2022-03-18,SLD,1,FUT,ES,ES,50,4422.25,2.15,20220318  13:04:27,DH,-1,221110.35
559,2022-03-18,BOT,1,FUT,ES,ES,50,4422.5,2.15,20220318  13:06:27,DH,1,-221127.15
560,2022-03-18,BOT,1,FUT,ES,ES,50,4429.0,2.15,20220318  13:26:27,DH,1,-221452.15
561,2022-03-18,SLD,1,FUT,ES,ES,50,4428.25,2.15,20220318  13:42:27,DH,-1,221410.35
562,2022-03-18,BOT,1,FUT,ES,ES,50,4429.75,2.15,20220318  13:50:27,DH,1,-221489.65
563,2022-03-18,SLD,1,FUT,ES,ES,50,4428.5,2.15,20220318  13:52:27,DH,-1,221422.85
564,2022-03-18,BOT,1,FUT,ES,ES,50,4429.5,2.15,20220318  14:02:27,DH,1,-221477.15
565,2022-03-18,SLD,1,FUT,ES,ES,50,4428.25,2.15,20220318  14:04:27,DH,-1,221410.35
566,2022-03-18,BOT,1,FUT,ES,ES,50,4431.0,2.15,20220318  14:16:28,DH,1,-221552.15
567,2022-03-18,SLD,1,FUT,ES,ES,50,4429.75,2.15,20220318  14:20:28,DH,-1,221485.35
568,2022-03-18,BOT,1,FUT,ES,ES,50,4431.0,2.15,20220318  14:24:28,DH,1,-221552.15
569,2022-03-18,SLD,1,FUT,ES,ES,50,4428.0,2.15,20220318  14:26:28,DH,-1,221397.85
570,2022-03-18,BOT,1,FUT,ES,ES,50,4430.25,2.15,20220318  14:34:28,DH,1,-221514.65
571,2022-03-18,SLD,1,FUT,ES,ES,50,4428.25,2.15,20220318  14:42:28,DH,-1,221410.35
572,2022-03-18,BOT,1,FUT,ES,ES,50,4431.25,2.15,20220318  14:46:28,DH,1,-221564.65
573,2022-03-18,BOT,1,FUT,ES,ES,50,4438.0,2.15,20220318  15:06:28,DH,1,-221902.15
574,2022-03-18,BOT,1,FUT,ES,ES,50,4445.75,2.15,20220318  15:21:37,DH,1,-222289.65
575,2022-03-18,BOT,1,FUT,ES,ES,50,4449.25,2.15,20220318  15:27:36,DH,1,-222464.65
578,2022-03-18,BOT,1,FUT,ES,ES,50,4456.25,2.15,20220318  15:35:37,DH,1,-222814.65
581,2022-03-18,SLD,2,FUT,ES,ES,50,4447.0,4.3,20220318  15:37:37,DH,-2,444695.7
582,2022-03-18,BOT,1,FUT,ES,ES,50,4448.25,2.15,20220318  15:41:37,DH,1,-222414.65
583,2022-03-18,SLD,1,FUT,ES,ES,50,4449.0,2.15,20220318  15:51:37,DH,-1,222447.85
584,2022-03-18,BOT,1,FUT,ES,ES,50,4450.5,2.15,20220318  15:53:37,DH,1,-222527.15
585,2022-03-18,SLD,2,FUT,ES,ES,50,4453.75,4.3,20220318  15:57:10,DH,-2,445370.7
